filename,width,height,class,xmin,ymin,xmax,ymax
j_139.png,1280,720,model,665,290,678,321
j_141.png,1280,720,model,635,347,654,370
j_142.png,1280,720,model,758,194,782,233
j_141-1.png,1280,720,model,916,305,948,344
j_140-1.png,1280,720,model,499,282,534,329
j_139-1.png,1280,720,model,629,294,737,462
j_137-1.png,1280,720,model,993,359,1026,398
j_137-1.png,1280,720,model,973,327,1015,365
j_137-1.png,1280,720,model,638,270,668,308
j_138-1.png,1280,720,model,631,351,660,393
j_138-1.png,1280,720,model,760,362,782,398
j_134-1.png,1280,720,model,697,303,726,344
j_132-1.png,1280,720,model,696,389,724,422
j_126-1.png,1280,720,model,614,381,684,460
j_125-1.png,1280,720,model,581,315,627,364
j_127-1.png,1280,720,model,567,308,601,363
j_127-1.png,1280,720,model,538,307,553,339
j_136-1.png,1280,720,model,658,366,668,387
j_136-1.png,1280,720,model,566,397,600,444
j_136-1.png,1280,720,model,619,328,637,351
j_136-1.png,1280,720,model,600,344,609,358
j_123-1.png,1280,720,model,664,322,687,377
j_123-1.png,1280,720,model,724,324,736,347
j_119-1.png,1280,720,model,682,316,730,435
j_118-1.png,1280,720,model,1090,290,1114,338
j_117-1.png,1280,720,model,637,335,666,388
j_117-1.png,1280,720,model,598,331,616,365
j_116-1.png,1280,720,model,610,284,636,329
j_115-1.png,1280,720,model,626,366,668,427
j_123-4.png,300,300,model,235,159,250,191
j_123-4.png,300,300,model,184,124,233,211
j_115-4.png,300,300,model,197,163,257,214
j_115-4.png,300,300,model,1,185,42,262
j_116-4.png,300,300,model,14,162,95,261
j_116-4.png,300,300,model,216,120,265,173
j_122-4.png,300,300,model,132,61,189,166
j_119-4.png,300,300,model,55,110,64,126
j_119-4.png,300,300,model,5,116,24,161
j_119-4.png,300,300,model,130,122,154,163
j_740-4.png,300,300,model,138,139,158,167
j_740-4.png,300,300,model,238,60,254,79
j_747-4.png,300,300,model,134,105,158,140
j_742-4.png,300,300,model,138,134,158,166
j_742-4.png,300,300,model,283,74,300,98
j_749-4.png,300,300,model,143,135,163,169
j_750-4.png,300,300,model,121,106,204,252
j_752-4.png,300,300,model,16,141,72,227
j_756-4.png,300,300,model,99,132,123,195
j_761-4.png,300,300,model,272,155,300,189
j_125-4.png,300,300,model,58,210,146,288
j_124-4.png,300,300,model,150,143,172,174
j_124-4.png,300,300,model,119,119,147,167
j_126-4.png,300,300,model,39,65,70,117
j_126-4.png,300,300,model,77,212,217,299
j_126-4.png,300,300,model,1,225,55,298
j_127-4.png,300,300,model,154,98,201,169
j_127-4.png,300,300,model,1,184,101,297
j_132-4.png,300,300,model,58,91,137,163
j_134-4.png,300,300,model,140,139,178,185
j_135-4.png,300,300,model,157,108,184,149
j_136-4.png,300,300,model,147,102,181,151
j_146-4.png,300,300,model,156,98,205,191
j_137-4.png,300,300,model,133,129,174,179
j_160-4.png,300,300,model,118,123,172,196
j_154-4.png,300,300,model,114,132,146,199
j_165-4.png,300,300,model,133,119,165,151
j_165-4.png,300,300,model,1,265,45,296
j_166-4.png,300,300,model,122,200,169,242
j_167-4.png,300,300,model,32,127,89,174
j_170-4.png,300,300,model,245,250,262,283
j_169-4.png,300,300,model,185,97,221,164
j_169-4.png,300,300,model,16,97,58,155
j_171-4.png,300,300,model,147,79,166,112
j_173-4.png,300,300,model,170,120,199,171
j_173-4.png,300,300,model,156,204,247,299
j_172-4.png,300,300,model,213,82,240,117
j_172-4.png,300,300,model,141,82,167,121
j_175-4.png,300,300,model,108,124,165,217
j_174-4.png,300,300,model,127,119,158,180
j_177-4.png,300,300,model,172,31,266,120
j_178-4.png,300,300,model,48,110,140,247
j_180-4.png,300,300,model,129,69,218,175
j_180-4.png,300,300,model,44,120,97,174
j_183-4.png,300,300,model,111,107,175,194
j_243-4.png,300,300,model,123,127,143,159
j_243-4.png,300,300,model,162,122,174,144
j_248-4.png,300,300,model,22,104,37,127
j_249-4.png,300,300,model,158,130,182,166
j_252-4.png,300,300,model,154,119,163,144
j_252-4.png,300,300,model,125,113,138,134
j_252-4.png,300,300,model,143,114,152,134
j_251-4.png,300,300,model,103,151,127,195
j_250-4.png,300,300,model,116,105,136,147
j_253-4.png,300,300,model,102,80,115,109
j_253-4.png,300,300,model,75,148,101,193
j_263-4.png,300,300,model,158,95,179,119
j_263-4.png,300,300,model,170,148,189,177
j_266-4.png,300,300,model,131,181,151,210
j_267-4.png,300,300,model,139,157,159,191
j_264-4.png,300,300,model,49,31,85,51
j_264-4.png,300,300,model,145,116,164,155
j_269-4.png,300,300,model,144,135,161,163
j_270-4.png,300,300,model,115,129,142,160
j_278-4.png,300,300,model,137,101,167,136
j_274-4.png,300,300,model,70,128,93,158
j_277-4.png,300,300,model,108,43,163,95
j_281-4.png,300,300,model,98,198,112,221
j_282-4.png,300,300,model,130,159,151,188
j_296-4.png,300,300,model,138,158,158,185
j_293-4.png,300,300,model,200,32,219,64
j_293-4.png,300,300,model,121,122,143,155
j_292-4.png,300,300,model,120,119,142,152
j_292-4.png,300,300,model,181,50,204,81
j_297-4.png,300,300,model,152,144,170,176
j_303-4.png,300,300,model,101,154,124,191
j_304-4.png,300,300,model,104,153,116,176
j_304-4.png,300,300,model,119,106,141,152
j_316-4.png,300,300,model,164,116,184,145
j_320-4.png,300,300,model,161,123,182,152
j_320-4.png,300,300,model,104,130,122,156
j_321-4.png,300,300,model,146,134,162,164
j_321-4.png,300,300,model,93,135,111,169
j_330-4.png,300,300,model,92,224,131,274
j_330-4.png,300,300,model,197,99,229,131
j_322-4.png,300,300,model,143,136,163,161
j_322-4.png,300,300,model,114,137,132,166
j_335-4.png,300,300,model,168,150,188,189
j_355-4.png,300,300,model,151,146,206,194
j_355-4.png,300,300,model,95,137,114,173
j_358-4.png,300,300,model,86,126,108,149
j_359-4.png,300,300,model,144,104,184,166
j_360-4.png,300,300,model,144,142,168,180
j_360-4.png,300,300,model,271,74,300,141
j_362-4.png,300,300,model,139,130,173,185
j_364-4.png,300,300,model,214,125,246,171
j_379-4.png,300,300,model,175,145,192,180
j_379-4.png,300,300,model,155,144,167,177
j_379-4.png,300,300,model,115,138,136,159
j_382-4.png,300,300,model,153,140,173,169
j_382-4.png,300,300,model,132,142,147,169
j_388-4.png,300,300,model,131,102,163,162
j_388-4.png,300,300,model,76,83,112,148
j_388-4.png,300,300,model,19,67,47,105
j_396-4.png,300,300,model,154,127,180,185
j_405-4.png,300,300,model,50,111,114,190
j_412-4.png,300,300,model,143,134,159,162
j_412-4.png,300,300,model,195,137,203,155
j_439-4.png,300,300,model,147,152,165,179
j_454-4.png,300,300,model,159,132,186,164
j_447-4.png,300,300,model,129,147,145,175
j_448-4.png,300,300,model,142,136,164,166
j_457-4.png,300,300,model,63,9,80,40
j_457-4.png,300,300,model,112,91,159,152
j_471-4.png,300,300,model,79,149,96,166
j_479-4.png,300,300,model,119,147,133,169
j_479-4.png,300,300,model,149,146,163,166
j_480-4.png,300,300,model,88,122,124,146
j_472-4.png,300,300,model,172,150,186,165
j_486-4.png,300,300,model,138,122,157,164
j_490-4.png,300,300,model,209,49,260,134
j_492-4.png,300,300,model,135,120,176,196
j_496-4.png,300,300,model,172,78,185,100
j_496-4.png,300,300,model,141,149,169,198
j_491-4.png,300,300,model,144,91,192,178
j_520-4.png,300,300,model,118,62,165,145
j_536-4.png,300,300,model,94,106,123,155
j_536-4.png,300,300,model,124,101,172,162
j_521-4.png,300,300,model,124,124,154,164
j_538-4.png,300,300,model,108,127,145,193
j_540-4.png,300,300,model,102,58,300,267
j_541-4.png,300,300,model,118,25,281,268
j_542-4.png,300,300,model,136,78,196,175
j_545-4.png,300,300,model,108,132,143,197
j_546-4.png,300,300,model,79,152,136,232
j_550-4.png,300,300,model,142,111,186,184
j_551-4.png,300,300,model,188,129,218,180
j_551-4.png,300,300,model,12,108,97,207
j_552-4.png,300,300,model,87,127,116,192
j_552-4.png,300,300,model,118,130,146,184
j_553-4.png,300,300,model,187,120,229,217
j_553-4.png,300,300,model,123,131,140,171
j_553-4.png,300,300,model,91,142,112,173
j_565-4.png,300,300,model,133,137,159,180
j_566-4.png,300,300,model,79,131,105,164
j_566-4.png,300,300,model,142,127,166,174
j_567-4.png,300,300,model,139,112,160,144
j_570-4.png,300,300,model,165,137,225,231
j_575-4.png,300,300,model,89,108,124,168
j_577-4.png,300,300,model,134,105,172,195
j_576-4.png,300,300,model,125,123,156,176
j_581-4.png,300,300,model,128,93,146,127
j_581-4.png,300,300,model,144,118,170,169
j_584-4.png,300,300,model,161,128,173,154
j_584-4.png,300,300,model,83,136,108,165
j_589-4.png,300,300,model,95,144,126,182
j_589-4.png,300,300,model,19,138,51,185
j_601-4.png,300,300,model,1,105,44,154
j_601-4.png,300,300,model,106,128,153,216
j_590-4.png,300,300,model,34,105,54,143
j_590-4.png,300,300,model,137,148,173,198
j_602-4.png,300,300,model,125,119,159,184
j_602-4.png,300,300,model,90,116,117,157
j_610-4.png,300,300,model,130,147,149,175
j_610-4.png,300,300,model,145,102,158,123
j_603-4.png,300,300,model,114,107,149,166
j_603-4.png,300,300,model,150,116,171,155
j_612-4.png,300,300,model,147,140,173,163
j_612-4.png,300,300,model,80,132,111,162
j_614-4.png,300,300,model,130,133,157,161
j_623-4.png,300,300,model,145,131,164,170
j_623-4.png,300,300,model,191,133,212,166
j_624-4.png,300,300,model,145,128,172,168
j_625-4.png,300,300,model,82,126,140,191
j_629-4.png,300,300,model,22,106,91,194
j_626-4.png,300,300,model,24,98,105,209
j_635-4.png,300,300,model,163,116,192,152
j_635-4.png,300,300,model,78,108,104,139
j_637-4.png,300,300,model,86,70,113,108
j_637-4.png,300,300,model,180,139,202,180
j_637-4.png,300,300,model,70,122,103,170
j_636-4.png,300,300,model,147,120,173,150
j_636-4.png,300,300,model,93,153,120,187
j_642-4.png,300,300,model,96,123,144,210
j_642-4.png,300,300,model,171,76,215,135
j_642-4.png,300,300,model,56,119,89,182
j_640-4.png,300,300,model,124,62,141,98
j_640-4.png,300,300,model,104,67,119,97
j_640-4.png,300,300,model,74,114,103,166
j_643-4.png,300,300,model,161,115,217,242
j_645-4.png,300,300,model,57,154,113,214
j_645-4.png,300,300,model,13,73,49,129
j_650-4.png,300,300,model,146,122,170,154
j_650-4.png,300,300,model,1,36,15,65
j_651-4.png,300,300,model,201,135,233,172
j_652-4.png,300,300,model,173,134,217,175
j_655-4.png,300,300,model,159,64,266,204
j_660-4.png,300,300,model,143,145,153,162
j_661-4.png,300,300,model,124,144,132,161
j_662-4.png,300,300,model,98,215,123,243
j_665-4.png,300,300,model,156,115,168,134
j_681-4.png,300,300,model,152,112,199,146
j_682-4.png,300,300,model,104,224,134,277
j_685-4.png,300,300,model,76,128,115,203
j_684-4.png,300,300,model,189,127,226,204
j_683-4.png,300,300,model,104,77,150,125
j_683-4.png,300,300,model,224,193,271,267
j_687-4.png,300,300,model,98,134,162,217
j_715-4.png,300,300,model,92,125,144,232
j_693-4.png,300,300,model,125,137,179,217
j_692-4.png,300,300,model,87,108,148,188
j_690-4.png,300,300,model,153,134,201,198
j_690-4.png,300,300,model,3,141,34,187
j_725-4.png,300,300,model,136,119,165,181
j_731-4.png,300,300,model,162,127,179,155
j_731-4.png,300,300,model,98,191,129,215
j_739-4.png,300,300,model,147,152,186,186
j_737-4.png,300,300,model,186,181,221,205
j_465-4-1.png,300,300,model,132,137,157,170
j_464-4-1.png,300,300,model,124,127,164,175
j_473-4-1.png,300,300,model,130,107,172,180
j_86-4-1.png,300,300,model,159,119,178,147
j_475-4-1.png,300,300,model,185,104,267,263
j_475-4-1.png,300,300,model,92,163,205,300
j_87-4-1.png,300,300,model,147,139,160,158
j_88-4-1.png,300,300,model,157,136,171,155
j_89-4-1.png,300,300,model,132,154,150,176
j_90-4-1.png,300,300,model,139,144,158,169
j_92-4-1.png,300,300,model,132,125,151,157
j_91-4-1.png,300,300,model,149,135,176,171
j_99-4-1.png,300,300,model,120,94,132,119
j_99-4-1.png,300,300,model,157,90,193,129
j_102-4-1.png,300,300,model,132,163,163,204
j_96-4-1.png,300,300,model,69,84,95,136
j_96-4-1.png,300,300,model,187,114,233,187
j_103-4-1.png,300,300,model,121,123,148,161
j_95-4-1.png,300,300,model,197,61,259,175
j_111-4-1.png,300,300,model,87,145,117,176
j_111-4-1.png,300,300,model,143,114,163,146
j_113-4-1.png,300,300,model,118,121,144,162
j_114-4-1.png,300,300,model,103,82,124,118
j_114-4-1.png,300,300,model,203,121,244,162
j_117-4-1.png,300,300,model,148,145,167,182
j_117-4-1.png,300,300,model,275,113,299,165
j_117-4-1.png,300,300,model,123,111,148,142
j_117-4-1.png,300,300,model,48,217,121,291
j_118-4-1.png,300,300,model,247,77,279,130
j_118-4-1.png,300,300,model,129,78,165,125
j_118-4-1.png,300,300,model,77,61,104,101
j_120-4-1.png,300,300,model,199,94,226,149
j_119-4-1.png,300,300,model,78,107,118,162
j_119-4-1.png,300,300,model,273,101,293,160
j_119-4-1.png,300,300,model,95,61,119,104
j_115-4-1.png,300,300,model,183,129,204,158
j_115-4-1.png,300,300,model,148,133,160,155
j_115-4-1.png,300,300,model,129,117,146,143
j_125-4-1.png,300,300,model,114,103,143,145
j_125-4-1.png,300,300,model,144,149,171,176
j_129-4-1.png,300,300,model,175,107,223,172
j_122-4-1.png,300,300,model,94,131,150,192
j_130-4-1.png,300,300,model,170,53,202,92
j_130-4-1.png,300,300,model,88,166,126,222
j_133-4-1.png,300,300,model,129,92,171,159
j_135-4-1.png,300,300,model,109,123,155,186
j_134-4-1.png,300,300,model,111,116,149,182
j_150-4-1.png,300,300,model,140,145,162,176
j_136-4-1.png,300,300,model,126,123,162,173
j_140-4-1.png,300,300,model,134,137,171,184
j_137-4-1.png,300,300,model,135,124,173,178
j_152-4-1.png,300,300,model,118,114,159,152
j_152-4-1.png,300,300,model,151,155,176,188
j_152-4-1.png,300,300,model,1,76,14,104
j_142-4-1.png,300,300,model,136,123,157,155
j_138-4-1.png,300,300,model,119,134,157,183
j_147-4-1.png,300,300,model,147,136,166,155
j_147-4-1.png,300,300,model,173,130,192,159
j_147-4-1.png,300,300,model,115,125,132,163
j_155-4-1.png,300,300,model,140,40,165,92
j_155-4-1.png,300,300,model,75,98,108,148
j_170-4-1.png,300,300,model,76,110,155,230
j_164-4-1.png,300,300,model,60,138,108,181
j_159-4-1.png,300,300,model,151,129,178,167
j_175-4-1.png,300,300,model,42,108,141,206
j_177-4-1.png,300,300,model,87,83,143,181
j_176-4-1.png,300,300,model,146,85,220,213
j_197-4-1.png,300,300,model,134,159,150,193
j_197-4-1.png,300,300,model,144,116,158,139
j_197-4-1.png,300,300,model,61,62,73,82
j_157-4-1.png,300,300,model,157,118,185,164
j_157-4-1.png,300,300,model,63,145,102,203
j_174-4-1.png,300,300,model,136,118,254,259
j_210-4-1.png,300,300,model,159,88,214,191
j_210-4-1.png,300,300,model,228,79,299,252
j_212-4-1.png,300,300,model,109,113,167,194
j_215-4-1.png,300,300,model,78,128,125,228
j_216-4-1.png,300,300,model,170,118,216,187
j_216-4-1.png,300,300,model,94,129,193,248
j_218-4-1.png,300,300,model,45,127,76,192
j_217-4-1.png,300,300,model,185,102,250,159
j_221-4-1.png,300,300,model,146,135,156,158
j_221-4-1.png,300,300,model,119,139,128,161
j_222-4-1.png,300,300,model,147,159,162,182
j_222-4-1.png,300,300,model,108,153,124,191
j_219-4-1.png,300,300,model,134,115,199,195
j_227-4-1.png,300,300,model,193,167,234,234
j_224-4-1.png,300,300,model,7,130,30,183
j_224-4-1.png,300,300,model,133,135,152,160
j_234-4-1.png,300,300,model,168,106,216,171
j_230-4-1.png,300,300,model,138,260,168,294
j_232-4-1.png,300,300,model,75,117,99,158
j_246-4-1.png,300,300,model,208,112,248,164
j_246-4-1.png,300,300,model,104,105,130,160
j_258-4-1.png,300,300,model,123,137,143,184
j_258-4-1.png,300,300,model,151,133,163,163
j_258-4-1.png,300,300,model,167,127,175,153
j_254-4-1.png,300,300,model,202,42,214,60
j_254-4-1.png,300,300,model,103,102,149,177
j_248-4-1.png,300,300,model,226,158,265,230
j_248-4-1.png,300,300,model,110,160,136,226
j_252-4-1.png,300,300,model,136,142,219,284
j_257-4-1.png,300,300,model,167,140,184,172
j_257-4-1.png,300,300,model,189,114,210,158
j_257-4-1.png,300,300,model,258,148,288,201
j_257-4-1.png,300,300,model,119,138,143,185
j_257-4-1.png,300,300,model,38,135,61,172
j_257-4-1.png,300,300,model,25,133,34,150
j_264-4-1.png,300,300,model,209,119,240,171
j_264-4-1.png,300,300,model,1,107,46,178
j_272-4-1.png,300,300,model,114,147,154,201
j_268-4-1.png,300,300,model,112,112,165,170
j_273-4-1.png,300,300,model,55,145,92,207
j_275-4-1.png,300,300,model,171,110,206,166
j_275-4-1.png,300,300,model,96,97,132,153
j_275-4-1.png,300,300,model,131,59,149,98
j_276-4-1.png,300,300,model,125,134,167,214
j_276-4-1.png,300,300,model,90,78,113,120
j_276-4-1.png,300,300,model,200,118,246,185
j_270-4-1.png,300,300,model,86,93,128,173
j_277-4-1.png,300,300,model,192,35,228,105
j_277-4-1.png,300,300,model,68,156,163,295
j_279-4-1.png,300,300,model,81,123,113,178
j_260-4-1.png,300,300,model,222,106,259,197
j_260-4-1.png,300,300,model,27,109,55,165
j_260-4-1.png,300,300,model,166,109,181,145
j_260-4-1.png,300,300,model,178,114,205,150
j_274-4-1.png,300,300,model,61,129,86,166
j_280-4-1.png,300,300,model,146,134,164,168
j_286-4-1.png,300,300,model,140,57,176,133
j_285-4-1.png,300,300,model,190,90,292,272
j_285-4-1.png,300,300,model,118,122,168,179
j_284-4-1.png,300,300,model,173,118,206,170
j_292-4-1.png,300,300,model,135,121,183,210
j_295-4-1.png,300,300,model,198,82,223,116
j_295-4-1.png,300,300,model,225,166,250,194
j_295-4-1.png,300,300,model,5,207,28,228
j_297-4-1.png,300,300,model,118,106,137,139
j_297-4-1.png,300,300,model,208,88,221,118
j_297-4-1.png,300,300,model,115,243,132,280
j_282-4-1.png,300,300,model,236,147,263,183
j_282-4-1.png,300,300,model,283,156,299,193
j_282-4-1.png,300,300,model,153,98,193,173
j_298-4-1.png,300,300,model,115,154,137,178
j_298-4-1.png,300,300,model,231,75,244,106
j_298-4-1.png,300,300,model,86,123,105,152
j_301-4-1.png,300,300,model,141,127,162,187
j_301-4-1.png,300,300,model,191,137,219,202
j_301-4-1.png,300,300,model,237,143,254,180
j_301-4-1.png,300,300,model,56,78,77,110
j_304-4-1.png,300,300,model,145,137,163,166
j_304-4-1.png,300,300,model,115,141,138,177
j_306-4-1.png,300,300,model,212,141,227,160
j_306-4-1.png,300,300,model,139,123,153,143
j_305-4-1.png,300,300,model,54,150,68,170
j_305-4-1.png,300,300,model,129,143,143,164
j_302-4-1.png,300,300,model,90,136,120,195
j_308-4-1.png,300,300,model,161,131,172,154
j_308-4-1.png,300,300,model,227,152,241,176
j_303-4-1.png,300,300,model,150,141,176,180
j_303-4-1.png,300,300,model,126,132,145,161
j_309-4-1.png,300,300,model,142,143,158,167
j_309-4-1.png,300,300,model,220,144,238,179
j_299-4-1.png,300,300,model,156,119,169,149
j_299-4-1.png,300,300,model,127,137,141,165
j_310-4-1.png,300,300,model,151,153,181,202
j_310-4-1.png,300,300,model,85,102,107,138
j_310-4-1.png,300,300,model,90,84,104,108
j_311-4-1.png,300,300,model,153,129,188,202
j_311-4-1.png,300,300,model,163,114,188,161
j_311-4-1.png,300,300,model,73,78,90,110
j_321-4-1.png,300,300,model,176,76,199,124
j_321-4-1.png,300,300,model,281,25,295,47
j_316-4-1.png,300,300,model,97,118,122,173
j_316-4-1.png,300,300,model,184,105,198,140
j_319-4-1.png,300,300,model,134,119,168,165
j_323-4-1.png,300,300,model,111,105,148,194
j_317-4-1.png,300,300,model,118,141,142,186
j_317-4-1.png,300,300,model,144,120,158,152
j_313-4-1.png,300,300,model,128,146,164,193
j_335-4-1.png,300,300,model,136,193,155,220
j_335-4-1.png,300,300,model,102,142,118,164
j_335-4-1.png,300,300,model,86,120,101,141
j_320-4-1.png,300,300,model,54,118,83,198
j_320-4-1.png,300,300,model,137,135,149,162
j_324-4-1.png,300,300,model,188,158,218,231
j_336-4-1.png,300,300,model,140,141,162,170
j_336-4-1.png,300,300,model,115,117,131,148
j_340-4-1.png,300,300,model,118,195,140,215
j_340-4-1.png,300,300,model,107,131,124,154
j_340-4-1.png,300,300,model,150,125,173,155
j_340-4-1.png,300,300,model,191,120,218,153
j_340-4-1.png,300,300,model,66,205,90,234
j_342-4-1.png,300,300,model,172,163,186,194
j_342-4-1.png,300,300,model,161,136,177,158
j_342-4-1.png,300,300,model,92,128,108,154
j_342-4-1.png,300,300,model,145,100,162,131
j_344-4-1.png,300,300,model,130,140,148,170
j_344-4-1.png,300,300,model,161,128,174,157
j_344-4-1.png,300,300,model,11,174,39,194
j_344-4-1.png,300,300,model,125,103,137,128
j_345-4-1.png,300,300,model,106,170,128,218
j_337-4-1.png,300,300,model,230,156,256,195
j_337-4-1.png,300,300,model,122,122,135,152
j_341-4-1.png,300,300,model,119,220,138,248
j_341-4-1.png,300,300,model,154,101,178,117
j_341-4-1.png,300,300,model,90,122,109,145
j_339-4-1.png,300,300,model,143,72,159,99
j_339-4-1.png,300,300,model,175,74,193,100
j_339-4-1.png,300,300,model,111,173,133,213
j_338-4-1.png,300,300,model,137,112,155,148
j_338-4-1.png,300,300,model,228,106,247,148
j_346-4-1.png,300,300,model,132,138,149,167
j_346-4-1.png,300,300,model,252,185,271,215
j_356-4-1.png,300,300,model,133,151,162,195
j_352-4-1.png,300,300,model,121,100,141,146
j_352-4-1.png,300,300,model,137,94,164,141
j_352-4-1.png,300,300,model,71,61,90,99
j_347-4-1.png,300,300,model,152,141,172,177
j_361-4-1.png,300,300,model,135,131,154,169
j_360-4-1.png,300,300,model,144,124,162,159
j_360-4-1.png,300,300,model,146,106,161,121
j_357-4-1.png,300,300,model,144,127,172,162
j_354-4-1.png,300,300,model,145,111,159,135
j_354-4-1.png,300,300,model,135,138,153,173
j_355-4-1.png,300,300,model,144,152,184,205
j_362-4-1.png,300,300,model,145,121,161,155
j_362-4-1.png,300,300,model,152,140,183,188
j_363-4-1.png,300,300,model,107,126,139,168
j_363-4-1.png,300,300,model,158,127,182,169
j_386-4-1.png,300,300,model,87,122,131,198
j_365-4-1.png,300,300,model,59,113,93,180
j_365-4-1.png,300,300,model,178,110,213,169
j_374-4-1.png,300,300,model,51,83,83,136
j_364-4-1.png,300,300,model,130,168,147,206
j_389-4-1.png,300,300,model,127,128,171,194
j_390-4-1.png,300,300,model,81,124,124,182
j_388-4-1.png,300,300,model,140,95,224,204
j_395-4-1.png,300,300,model,162,129,192,170
j_395-4-1.png,300,300,model,203,133,236,182
j_393-4-1.png,300,300,model,185,121,199,147
j_393-4-1.png,300,300,model,232,109,248,133
j_396-4-1.png,300,300,model,236,124,260,159
j_397-4-1.png,300,300,model,111,135,132,158
j_401-4-1.png,300,300,model,165,162,189,198
j_413-4-1.png,300,300,model,116,158,161,214
j_403-4-1.png,300,300,model,30,141,42,170
j_403-4-1.png,300,300,model,136,103,183,151
j_409-4-1.png,300,300,model,129,127,148,153
j_407-4-1.png,300,300,model,168,137,191,167
j_410-4-1.png,300,300,model,54,117,118,216
j_408-4-1.png,300,300,model,70,140,96,178
j_416-4-1.png,300,300,model,272,145,300,197
j_417-4-1.png,300,300,model,121,112,155,150
j_426-4-1.png,300,300,model,104,130,149,175
j_426-4-1.png,300,300,model,240,133,279,173
j_418-4-1.png,300,300,model,169,135,193,170
j_424-4-1.png,300,300,model,126,134,142,163
j_425-4-1.png,300,300,model,218,104,284,185
j_432-4-1.png,300,300,model,144,125,173,162
j_431-4-1.png,300,300,model,146,138,165,179
j_430-4-1.png,300,300,model,76,83,108,130
j_430-4-1.png,300,300,model,1,67,20,97
j_423-4-1.png,300,300,model,137,105,165,149
j_435-4-1.png,300,300,model,125,133,157,162
j_433-4-1.png,300,300,model,117,138,148,183
j_437-4-1.png,300,300,model,141,139,162,174
j_436-4-1.png,300,300,model,162,146,190,175
j_438-4-1.png,300,300,model,73,126,97,162
j_439-4-1.png,300,300,model,53,137,79,177
j_441-4-1.png,300,300,model,134,110,181,154
j_440-4-1.png,300,300,model,132,127,161,168
j_442-4-1.png,300,300,model,129,127,169,178
j_443-4-1.png,300,300,model,134,123,167,164
j_443-4-1.png,300,300,model,83,278,116,300
j_444-4-1.png,300,300,model,135,130,167,165
j_444-4-1.png,300,300,model,88,77,112,125
j_455-4-1.png,300,300,model,111,112,158,171
j_455-4-1.png,300,300,model,195,102,235,146
j_460-4-1.png,300,300,model,153,136,183,184
j_459-4-1.png,300,300,model,189,100,209,126
j_461-4-1.png,300,300,model,159,126,199,169
j_462-4-1.png,300,300,model,140,128,173,170
j_463-4-1.png,300,300,model,134,166,168,211
j_450-4-1.png,300,300,model,60,106,136,208
j_451-4-1.png,300,300,model,46,81,95,155
j_453-4-1.png,300,300,model,97,118,132,171
j_452-4-1.png,300,300,model,115,107,153,163
j_454-4-1.png,300,300,model,157,120,196,175
